japanese_name,chinese_name
おサダ,阿贞
お婆さん（指スラババ）,婆婆（切指婆婆）
くろっこ/しろっこ,黑子&白子
さと,纱都
まりっぺ,玛丽佩
アイザック,艾萨克
アイナ,艾娜
アイリ,艾丽
アイル,艾鲁
アイル（幼少期）,小艾鲁
アウフスタ,奥古斯特
アオイドス,亚欧伊多斯
アガーテ,亚嘉缇
アギエルバ,艾奇尔巴
アグニス,阿耆尼
アグロヴァル,阿古罗瓦尔
アグロヴァル（幼少期）,小阿古罗瓦尔
アザゼル,阿萨谢尔
アシャ,阿霞
アスタロト,阿斯塔罗特
アステール,阿斯特尔
アズサ,梓
アズラエル&イスラフィル,亚兹拉尔&伊斯拉菲尔
アダム,亚当
アテナ,雅典娜
アトゥム,阿图姆
アドラメレク,亚得米勒
アナト,阿娜特
アナマリア,安娜玛丽亚
アニシダ,安妮西达
アニラ,阿妮拉
アヌビス,阿努比斯
アバター,阿凡达
アビー,阿比
アフロディーテ,阿芙洛狄忒
アブラメリン,阿布拉梅林
アベル,亚伯
アポロニア（幼少期）,小黑骑士
アポロン,阿波罗
アマツマ,亚玛兹玛
アマテラス,天照
アマール,阿玛尔
アミ,阿弥
アミュレット,阿缪蕾特
アラナン,阿拉南
アランドゥーズ,阿兰杜兹
アリア,阿莉亚
アリエ,阿莉艾
アリエス,阿利埃斯
アリシア,阿莉希雅
アリステラ,阿里斯特拉
アリル,艾利尔
アリーザ,阿莉莎
アルゴル,阿尔戈尔
アルシャ,阿露希亚
アルスピラ,阿尔斯皮拉
アルタイル,阿尔泰尔
アルテ,阿尔特
アルティメットバハムート,究极巴哈姆特
アルテミシア,阿尔忒弥西雅
アルテミス,阿尔忒弥斯
アルトス,阿尔托斯
アルドラ,阿尔多拉
アルハリード,阿尔哈立德
アルバ,阿尔芭
アルバコア,长鳍金枪鱼
アルフィアナ,阿尔菲安娜
アルベール,阿尔贝尔
アルメイダ,阿鲁梅达
アルルメイヤ,阿露露梅娅
アレイス,艾蕾丝
アレク,阿雷克
アレス,阿瑞斯
アレーティア,阿雷提亚
アロゲント,阿罗根特
アワリティア,贪婪
アン,安
アンクシャ,安克夏
アンジェ,安洁
アンスリア,安苏莉娅
アンダーソン,安德森
アンチラ,安琪拉
アントニー,安东尼
アンドサ（ジャコモ）,安德萨（贾科莫）
アンナ,安娜
アンリエット,安丽特
アーカーシャ,阿卡夏
アークエンジェル,大天使
アーサー,亚瑟
アーテファ,阿提法
アートマン,阿特曼
アーマ,亚玛
アーミラ,阿米拉
アーロン,阿隆
イオ,伊欧
イカロス,伊卡洛斯
イクス,伊克斯
イケロス,伊刻罗斯
イザベラ,伊莎贝拉
イシュミール,伊休米尔
イストリアス,伊丝特莉亚斯
イッパツ,伊帕兹
イド,伊德
イフリート,伊弗利特
イルザ,伊尔莎
イルノート,伊尔诺特
イルルヤンカシュ,伊卢扬卡
イングヴェイ,英格威
インダラ,茵妲拉
イーウィヤ（猫ver）,伊维亚（猫ver）
イーウィヤ（竜形態Ver）,伊维亚（龙型ver）
イーゴン,伊贡
ウィリアム,威廉
ウィル,威尔
ウィルナス（人型ver）,威尔纳斯（人型ver）
ウィルナス（竜形態Ver）,威尔纳斯（龙型ver）
ウェパル,威沛
ウェルダー,维鲁达
ウォフマナフ,沃胡摩那
ウォルフ,沃尔夫
ウカノミタマ,稻荷
ウグス,乌古斯
ウシュネ,乌修涅
ウツセミ,空蝉
ウラムヌラン,乌拉姆奴兰
ウラン,乌兰
ウリエル,乌列尔
ウリエンス,乌连斯
ウルキ,乌露琪
ウーナ,乌娜
ウーノ,乌诺
ウーフ,沃夫
ウーフとレニー,沃夫＆蕾妮
エアロバイス,艾尔罗拜斯
エイデン,艾登
エイレア,艾蕾娅
エウリュアレー,尤瑞艾莉
エウレル,埃乌雷尔
エウロペ,欧罗巴
エガニス,艾嘉尼斯
エキドナ,厄客德娜
エクス・イフリート,克尽·伊弗利特
エクス・ウォフマナフ,克尽·沃胡摩那
エクス・コキュートス,克尽·科赛特斯
エクス・サジタリウス,克尽·喀戎
エクトル,埃克托尔
エシオ,艾希欧
エジェリー,艾洁丽
エスタリオラ,埃斯塔利奥拉
エゼクレイン,爱塞克雷因
エッセル,艾瑟尔
エッリル,伊莱尔
エニュオ,厄倪俄
エビフライ,炸虾
エミリア,艾米莉亚
エムディナ,埃姆迪纳
エリカ,艾丽卡
エリク,埃里克
エリン,艾琳
エルキュール,赫尔克里
エルシーネ,艾尔希涅
エルセム,艾尔塞姆
エルタ,艾尔塔
エルド,埃尔德
エルバハ,埃尔芭哈
エルピス・アゴニア,厄尔庇斯·至痛
エルメラウラ,艾尔梅拉乌拉
エルモート,艾尔莫特
エルモート（幼少期）,小艾尔莫特
エレイン,艾莲
エレナレッタ,艾莲娜蕾塔
オイゲン,欧根
オウルキャット,猫头鹰
オクシモロン,逆喻
オクタヴィア（緑の騎士）,奥克塔维亚（绿骑士）
オクトー,奥克托
オケアノス,俄刻阿诺斯
オサム,欧萨姆
オシリス,奥西里斯
オネイロス,奥涅伊洛斯
オムニスマギア・ウィッチ,万象魔女
オリヴィエ,奥莉薇尔
オルキス,欧尔姬丝
オルトルート,奥尔图德
オロロジャイア,欧罗罗伽亚
オロロジャイア（女）,欧罗罗伽亚（女）
オロロジャイア（男）,欧罗罗伽亚（男）
オロロジャイア（竜形態Ver）,欧罗罗伽亚（龙型ver）
オーウェン,欧文
オーキス,欧姬丝
オーディン,奥丁
カイザル・リドファルド,凯撒·利德法尔德
カイム,凯姆
カイラナ,凯拉娜
カイン,该隐
カウィ,卡维
カウニッツ,加乌尼兹
カグヤ,辉夜
カシウス,卡西乌斯
カシオペア,卡西欧佩亚
カジノのバニーガール,赌场兔女郎
カスケードジェリー,激流水母娘
カタリナ,卡塔莉娜
カッタクリ,卡拓库里
カッツェリーラ,卡兹里拉
カツウォヌス,鲣鱼
カトル,卡托尔
カラクラキル,卡拉库拉奇尔
カリオストロ,卡莉奥斯特萝
カリュブディス,卡律布狄斯
カルテイラ,卡鲁提拉
カルバ,卡鲁巴
カルメリーナ,卡露梅莉娜
カルラ,卡露拉
カレン,卡莲
カレンティア,卡莲缇亚
カロ,卡洛
カロリーヌ夫人,卡洛琳夫人
カンターテ,坎妲缇
カンナ,康娜
カーサ,卡萨
カーバンクル,宝石兽
カー・オン,海翁
ガイゼンボーガ,盖森伯格
ガイーヌ,该努
ガウェイン,高文
ガグー,瓦偶
ガスタルガ,加斯塔尔加
ガハムレット,盖默雷特
ガブリエル,加百列
ガムシラ,嘉姆西拉
ガラドア,加拉多
ガラハッド,加拉哈德
ガランサラス,伽兰萨拉斯
ガランダ,伽兰达
ガランツァ,伽兰查
ガラント,格兰特
ガルストン,嘉尔斯通
ガルマ,加鲁马
ガルーダ,迦楼罗
ガレス,加雷斯
ガレヲン（人型ver）,伽莱翁（人型ver）
ガレヲン（竜形態Ver）,伽莱翁（龙型ver）
ガロウザ,加罗萨
ガンダゴウザ,冈达葛萨
ガンダルヴァ,冈达鲁瓦
キティオン,基缇昂
キハール,齐哈尔
キャサリン,凯瑟琳
キャスパリーグ,凯西帕鲁格
キャタピラさん,卡塔哔娜桑
キャタピラとヴィーラ,卡塔哔娜与维拉
キュウタ,久太
キュベレー,库柏勒
キョウ,京
キンダー,金德
ギャリバン,加立班
ギャレット,嘉列特
ギヨタ,吉优塔
ギルガメッシュ,吉尔伽美什
ギルベルト,吉尔伯特
クイーンビー,女王蜂
ククル,库库鲁
クシナ,库西那
クスキ,库斯琪
クズレ,崩
クビラ,库碧拉
クピタン,库皮坦
クムユ,库姆尤
クラウディア,克劳迪娅
クラリス,克拉莉丝
クラーバラ,库拉芭拉
クリスタリアの民,冰晶宫之民
クリスティーナ,克里斯蒂娜
クリームヒルト,克琳希德
クルス,库鲁斯
クルーニ,库鲁尼
クロエ,库洛尔
グウィン,格温
グラシくん,仇闪君
グラニ,古拉尼
グラン,古兰
グランサイファー,格兰赛法
グリームニル,格里姆尼尔
グルザレッザ,古尔扎雷克
グレア,古蕾娅
グレイス,格蕾丝
グレーン,古连
グンター,古达
ケイ,凯
ケット・シー,凯特西
ケツァルカトル,魁札尔克亚特尔
ケルベロス,刻耳柏洛斯
ケンジ,健治
ゲルト,格尔特
ゲルラ,格鲁尔
コウ,蔻
コカビエル,卡比尔
コキュートス,科赛特斯
コク,蔻刻
コスモス,科斯莫斯
コノール王,科诺尔王
コルウェル,科鲁威尔
コルル,克璐璐
コルワ,可露瓦
コロゥ,辉萝
コロッサス,科罗萨斯
コロッサス・マグナ,科罗萨斯·玛格纳
コワフュール,科瓦菲尔
コンスタンツィア,康斯坦茨
コーデリア,科德利亚
コーナ,柯娜
コーナ（幼少期）,小柯娜
ゴッドラビットテラマックス,神威兔子·万亿究极
ゴリラ,猩猩
サウナのヌシ,桑拿之主
サジタリウス,喀戎
サタン,撒旦
サテュロス,萨缇洛斯
サビルバラ,萨比尔巴拉
サブリナ,萨布丽娜
サメハンター,马丁
サラ,莎拉
サラーサ,萨拉萨
サリエリア,萨利艾丽娅
サリエル,沙利叶
サルナーン,萨鲁楠
サンカラ,桑卡拉
サンザ,桑查
サンダルフォン,圣德芬
サンチラ,桑琪拉
サンドリヨン,桑德莉咏
サヴァラン,萨瓦兰
サーヤ,萨娅
ザウラ,扎乌拉
ザオシェン,灶神
ザカ大公,扎卡大公
ザザ,扎扎
ザスバ,扎斯巴
ザライダ,莎莱妲
ザラストラ,扎拉斯托拉
ザルハメリナ,扎哈梅丽娜
ザ・サン,太阳
ザ・スター,星
ザ・タワー,塔
ザ・デビル,恶魔
ザ・ハングドマン,倒吊人
ザ・ムーン,月亮
ザ・ワールドの賢者,世界的贤者
ザーリリャオー,扎莉莉亚欧
シア,希娅
シェスピア,榭斯比娅
シェリーネ,谢琳
シェロカルテ,榭洛科特
シエテ,希耶提
シエテ（アナザー）,希耶提（another）
シオン,紫苑
シグ,希格
シス,希斯
シゼル,希泽尔
シトリ,志鸟
シャインホーク・ガルラ,闪耀之鹰·迦鲁拉
シャオ,萧
シャトラ,夏托拉
シャノワール,夏诺瓦
シャノン,夏农
シャリオス17世,夏利欧斯17世
シャルロッテ,夏洛特
シャルロッテの祖父,夏洛特的祖父
シャローム,莎萝苜
シャーラ,夏拉
シャール,夏尔
シュエン,轩
シュクラ,淑库拉
シュシュク,秀秀珂
シュラ,秋罗
シュヴァリエ,修瓦利耶
シュヴァリエ・マグナ,修瓦利耶·玛格纳
ショウ,翔
ショロトル,修洛特尔
シルフ,希尔芙
シルフィードベル,风铃茸精灵
シルヴァ,席尔瓦
シルヴィア,希尔薇娅
シロウ,士郎
シンシャ,新夏
シンダラ,辛妲拉
シヴァ,湿婆
ジェイド,杰德
ジェシカ,杰西卡
ジェノ,杰诺
ジェリオン,杰里翁
ジェローム大統領,总统杰洛姆
ジオ,吉欧
ジオラ,迪奥拉
ジャスティス,正义
ジャスティン,贾斯汀
ジャスミン,茉莉
ジャッジメント,审判
ジャミル,贾米尔
ジャンヌダルク,贞德
ジュリアン,朱利安
ジュリエット,朱丽叶
ジューダ,玖达
ジョイ,乔伊
ジョエル,杰艾尔
ジョカ,女娲
ジョヤ,除夜
ジョーンズ卿,琼斯
ジル,吉尔
ジルニトラ,吉尔尼特拉
ジン,仁
ジークフリート,齐格飞
ジータ,姬塔
スィール,希尔
スイ,翠
スェン,仙
スェン（幼少期）,小仙
スカル,斯卡尔
スカーサハ,斯卡哈
スクルド,诗寇蒂
スタン,斯坦
スツルム,斯特姆
ステンノ,丝西娜
スノウホワイト,白雪公主
スピナー,斯平纳
スフラマール,斯夫拉马尔
スライム,史莱姆
スルト,苏尔特
スーテラ,斯黛拉
スーパーシンダラ,超级辛妲拉
セイラン,西兰
セイレーン,塞壬
セオドリク,赛欧德里克
セキトバ,赤兔马
セシール,塞希尔
セスランス,瑟忒兰斯
セト,赛特
セルエル,塞鲁艾尔
セルエル（幼少期）,小塞鲁艾尔
セルカ,赛尔卡
セレスト,塞勒斯特
セレスト・マグナ,塞勒斯特·玛格纳
セレフィラ,瑟蕾菲拉
セロニム,赛罗尼姆
セワスチアン,塞瓦斯蒂安
セン,千
ゼウス,宙斯
ゼシード,泽希德
ゼタ,泽塔
ゼピュロス,仄费罗斯
ゼヘク,泽黑库
ソウルインヴォーカー,祈魂人
ソシエ,苏丝雅
ソフィア,索菲亚
ソリッズ,索利茲
ソワカ,娑婆诃
ソヴァ,荞麦战士
ソーン,索恩
ゾーイ,佐伊
タイアー,泰尔
タウルーク,陶鲁克
タラッタ,塔拉塔
タルトマン,挞皮饼人
タヴィーナ,塔维娜
ターニャ,塔尼娅
ダエッタ,达尔塔
ダヌア,妲奴亚
ダリダラ,达里达拉
ダリル,达里尔
ダリール,达利尔
ダン伯父さん,丹
ダーント,丹特
チチリ,琪琪莉
ツクヨミ,月读
ツチノコ,野槌蛇
ツバサ,翼
ツヴァイ,紫薇
ティアマト,提亚玛特
ティアマト・マグナ,提亚玛特·玛格纳
ティアマト・マリス,提亚玛特·玛丽斯
ティアレ,缇阿蕾
ティコ,缇可
ティターン,泰坦
ティナ,缇娜
ティボルト,提伯吕特
ティラ,缇拉
テスカトリポカ,特斯卡特利波卡
テトラゴッド,消波神
テフヌト,泰芙努特
テュポーン,提丰
テレーズ,特蕾丝
テンペランス,节制
デアン,迪安
ディアドラ,迪尔德丽
ディアボロス,迪亚波罗
ディアンサ,戴安萨
ディンドラン,丁德兰
デス,死亡
デストロイヤーズコマンダー,尸魂指挥官
デスロウ,死郎
デライラ,迪莱拉
デリフォード,德利弗多
トネリロ,托涅利罗
トモイ,托莫伊
トリステット,托莉斯特德
トルー,托路
トー,托
トール,托尔
トール・アリウス,托尔·异版
ドゥルジ,德鲁杰
ドグー,土偶
ドナ,多娜
ドモン,多蒙
ドランク,德朗克
ドルザ・レム,德尔扎·雷姆
ドロシー,多萝西
ドロッセル,多萝赛尔
ナタク,哪吒
ナディア,娜蒂亚
ナハト,纳赫特
ナルメア,娜尔梅亚
ナルメア（幼少期）,小娜尔梅亚
ナーヴェ,娜维
ニオ,妮欧
ニヒリス,尼希利斯
ニフイヴィンテ,尼菲温特
ニレ,尼雷
ニーア,尼娅
ニーナ・ドランゴ,妮娜多拉贡
ネクタル,奈克塔尔
ネセサリア,奈瑟萨莉亚
ネツァワルピリ,聂查瓦尔皮利
ネネ,娜娜
ネハン,涅槃
ネハン（幼少期）,小涅槃
ネフティス,奈芙蒂斯
ネプチューン,涅普顿
ネモネ,涅莫涅
ネリネ,涅莉涅
ネルコ,涅露可
ネーレウス,涅柔斯
ノア,诺亚
ノイシュ,诺伊修
ノイシュ（幼少期）,小诺伊修
ノヅチ,野槌
ノトス,诺托斯
ノルセル,诺卢塞露
ノワール,诺瓦尔
ノン＆ウイ,侬＆维
ハイゼンベルク,海赞贝克
ハイネ,海涅
ハイラ,哈伊拉
ハイラック,海拉克
ハインリッヒ,海因里希
ハウヘト,哈乌赫特
ハクタク,白泽
ハスカル,哈斯卡尔
ハデス,哈迪斯
ハリエ,哈利耶
ハル,哈尔
ハレゼナ,哈蕾泽娜
ハロルド,哈罗路德
ハンサ,汉萨
ハンナ,汉娜
ハーゲン,哈肯
ハーゼリーラ,哈泽丽拉
ハールート・マールート,哈鲁特&马鲁特
バアル,巴尔
バイシュラ,拜修拉
バイヴカハ,战争三女神
バウタオーダ,巴塔殴达
バクラ,巴库拉
バサラ,巴萨拉
バサラ（幼少期）,小巴萨拉
バザラガ,巴萨拉卡
バステト,芭丝特
バズヴ,芭波
バドラ,巴多拉
バハムート,巴哈姆特
バミューダトライアングル,百慕大三角
バラゴナ,巴拉格纳
バルガ,巴鲁加
バルサザー,巴尔萨泽
バルディール,巴蒂尔
バルトロッソ,巴特洛索
バルドル,巴德尔
バルルガン,巴鲁鲁干
バレンティン,瓦伦汀
バロワ,巴洛瓦
バロール,巴洛尔
バン,班
パイ,白
パティア,帕缇亚
パメラ,帕梅拉
パラケルスス,帕拉采尔苏斯
パラシュラーマ,持斧罗摩
パリス,帕里斯
パルティータ,帕尔缇塔
パレタ,帕雷塔
パンプキンアークナイト,南瓜骑士王
パヴィーダ,帕维多斯
パーシヴァル,帕西瓦尔
パーシヴァル（幼少期）,小帕西瓦尔
ヒゲカメ（バハノオトシゴ）,长须龟（巴海马特）
ヒトガタ,人形
ヒトデナシ,非人
ヒミラ,希米拉
ビィ,碧
ビィ（ぐらぶるっ！）,四格碧
ビカラ,碧卡拉
ビューレイスト,贝莱斯特
ピィジウ,啤酒
ピコ,皮可
ピズマ,皮兹马
ピトゥーカ,皮图卡
ピンカラのお蝶,一掷千金的阿蝶
ファシャル仙人,法夏尔仙人
ファスティバ,法斯蒂瓦
ファナ,法娜
ファフニール,法夫纳
ファラ,法拉
ファリス,法利斯
ファルシュ,法尔修
ファルハナ,法尔哈娜
ファンジオ,范基欧
フアン,黄
フィオリト,菲奥莉托
フィラ,菲拉
フィラソピラ,菲拉索皮拉
フィルキス,菲尔基丝
フィルレイン,菲琳
フィーナ,菲娜
フェアリープリンセス,妖精公主
フェイノ,费伊诺
フェザー,菲泽
フェディエル（人型ver）,菲迪埃尔（人型ver）
フェディエル（竜形態Ver）,菲迪埃尔（龙型ver）
フェニックス,菲尼克斯
フェニー,菲妮
フェリ,菲莉
フェリ（幼少期）,小菲莉
フェルッチオ,费尔齐奥
フェルディア,弗迪亚
フェルディナンド,费迪南
フェルト,菲尔特
フェルドラク,费尔德拉克
フェルルカ,菲露露卡
フェンリル,芬里尔
フェール,菲尔
フォス,法斯
フォリア,芙莉亚
フォルテ,法尔提
フュリアス,菲利亚斯
フュンフ,芬芙
フライデー,星期五小姐
フラウ,芙劳
フラム＝グラス,双生元素
フラン,芙兰
フリーシア,芙莉西亚
フレイ,弗雷
フレッセル,弗雷赛尔
フロック,弗洛克
フロレンス,芙罗伦斯
ブラックラビット,黑兔子
ブランウェン,布朗温
ブリジール,布里吉尔
ブルース,布鲁斯
ブローディア,布洛蒂亚
プレデター,布列迪塔
プロトバハムート,原初巴哈姆特
プロトポロス,普罗特波洛斯
プロメティア,普罗梅提亚
プロメテウス,普罗米修斯
ヘイゼン,黑泽
ヘイムダル,海姆达尔
ヘカテー,赫卡忒
ヘカトンケイル,赫卡同克瑞斯
ヘクトル,赫克托尔
ヘリヤ,赫丽雅
ヘルエス,赫尔艾斯
ヘルエス（幼少期）,小赫尔艾斯
ヘルツェロイデ,海瑟萝伊德
ヘルナル,赫尔纳
ヘレル・ベン・サハル,赫莱尔·本·沙哈尔
ヘレル・ベン・シャレム,赫莱尔·本·夏蕾姆
ヘンリー,亨利
ベアトリクス,贝阿朵丽丝
ベアトリクス（幼少期）,小贝阿朵丽丝
ベス,贝丝
ベラドンナ,花妖
ベリアル,贝利尔
ベルシラック,贝尔希拉克
ベルゼバブ,别西卜
ベルソー,贝尔索
ベルメルヴォルク,贝尔梅尔沃克
ベルン,贝伦
ベンヌ,贝努
ベンヴォーリオ,斑伏里奥
ペトラ,佩特拉
ペルセウス,珀尔修斯
ペンギー,企小鹅
ホシワリ,荷西瓦里
ホリン,霍林
ホルス,荷鲁斯
ホワイトラビット,白兔子
ボスコ,博斯克
ボニー,波妮
ボレミア,波蕾米亚
ボーマン,波曼
ポセイドン,波塞冬
ポポル,珀珀鲁
ポラリス,珀拉莉丝
ポロ,皇帝珀罗
ポンメルン,伯梅伦
マイシェラ,米歇拉
マイム,麦姆
マウロ,毛洛
マキュラ・マリウス,玛裘拉·玛利乌斯
マキューシオ,茂丘西奥
マキラ,玛琪拉
マギ,贤士
マギサ,玛姬莎
マギサ（幼少期）,小玛姬莎
マギラフリラ,玛琪拉菲菈
マクネッサ,麦克奈萨
マグロウ,马古洛
マコラ,玛蔻拉
マッコイ,麦考伊
マッディー,马迪
マドル,马德尔
マドル（幼少期）,小马德尔
マナウィダン,玛纳维丹
マナマル,玛娜玛尔
マヒシャ,玛依莎
マプラ,马普拉
マミナス,玛米纳斯
マモーナス,玛门
マライア,玛丽亚
マリア・テレサ,玛利亚·特蕾莎
マリエ,玛丽艾
マリネラ,玛丽内拉
マリー,玛丽
マルガレータ,玛格丽特
マルキアレス,马尔基雷斯
マルスベル,马鲁斯贝尔
マルドゥーク,马尔杜克
マルドーラ,玛尔多拉
マンモス,猛犸
マーズ,玛尔斯
マーリン,梅林
ミアハ,米亚哈
ミアミント,米娅敏特
ミイム,米姆
ミカ,米卡
ミカエル,米迦勒
ミスラ,密斯拉
ミドガルズオルム,耶梦加得
ミニゴブ,迷你哥布
ミニゴブ（成長Ver）,迷你哥布（成长ver）
ミムルメモル,米姆露梅莫璐
ミュオン,缪恩
ミラオル,米拉奥尔
ミランダ,米兰达
ミリン,米琳
ミリー,米莉
ミレイユ,米蕾耶
ムゲン,无限
ムーアン,穆安
メア,梅娅
メイガス,梅嘉丝
メイム,梅姆
メイヴ,梅芙
メグ,梅格
メタトロン,梅塔特隆
メドゥーサ,美杜莎
メリッサベル,梅丽莎贝尔
メルゥ,梅路
メレアガンス,梅利甘斯
メーテラ,美黛拉
モニカ,莫妮卡
モリガン,茉莉安
モリモリ,莫里莫里
モリレン,摩理林
モルゴース,摩高斯
モルドレッド,莫德雷德
モルフェ,莫尔菲
モルフェとヴェトル,莫尔菲＆维特尔
モーガン,摩根
ヤイア,雅雅
ヤス,康
ヤチマ,雅琪玛
ユイシス,优希斯
ユエル,尤艾尔
ユグドラシル,尤格多拉希尔
ユグドラシル・マグナ,尤格多拉希尔·玛格纳
ユグドラシル・マリス,尤格多拉希尔·玛丽斯
ユグドラシル（キャラ）,尤格多拉希尔（角色）
ユズリハ,让叶
ユニ,尤妮
ユミル,尤弥尔
ユリウス,尤里乌斯
ユーサー,尤瑟
ユーステス,尤斯缇斯
ユーリ,尤利
ヨウ,容
ヨコヅナ,横纲
ヨゼフ王,约瑟夫王
ヨダルラーハ,尤达拉哈
ヨハン,约翰
ライアン,莱安
ライザリッド,莱扎利德
ライデン,雷电
ライラ,莱拉
ライログール,莱洛古尔
ラインハルザ,莱茵哈撒
ラインバッハ,莱茵巴哈
ラウディラビット,凶猛兔
ラオラオ,姥姥
ラカム,拉卡姆
ラガッツォ,拉加佐
ラクレイス,拉克雷斯
ラグナ,拉格娜
ラジエル,拉结尔
ラスティナ,拉丝缇娜
ラズウェル,拉兹维尔
ラック,拉克
ラドリア,拉德利亚
ラファエル,拉斐尔
ラフィット,拉菲特
ラムララ,拉姆拉拉
ラムレッダ,拉姆丽妲
ラモラック（幼少期）,小拉莫拉克
ラモラック（現在）,拉莫拉克
ラモラック（青年期）,中拉莫拉克
ラモン,拉蒙
ララとロロ,拉拉&洛洛
ラルナ,拉鲁娜
ランスロット,兰斯洛特
ランタナ,兰塔那
ランドル,兰德尔
ランファ,兰华
ラヴィリタ,拉维利塔
ラー,拉
ラーメン三騎士,拉面三骑士
ラーライラ,拉莱拉
リアラ,莉亚拉
リイン,莉茵
リオス,莉欧丝
リスリサル大司教,莉斯莉萨尔大主教
リゼット,莉赛特
リタ,莉塔
リチャード,理查德
リック,里克
リッチ（プレイアブルキャラクター）,莉琪
リッチ（召喚石）,巫妖
リナリア,莉娜莉亚
リュミエール聖王,卢米埃圣王
リリィ,莉莉
リリス,莉莉丝
リルル,莉露露
リヴァイアサン,利维坦
リヴァイアサン・マグナ,利维坦·玛格纳
リヴァイアサン・マリス,利维坦·玛丽斯
リーシャ,莉夏
ルウェイグ,卢威格
ルカーヴ,卢卡夫
ルシウス,卢修斯
ルシオ,路西欧
ルシファー,路西法
ルシフェル,路西菲尔
ルドミリア,路德米利亚
ルナール,露娜露
ルポポ,鲁珀珀
ルリア,露莉亚
ルロウホロウ,鲁洛赫萝
ル・オー（人型ver）,露·欧（人型ver）
ル・オー（竜形態Ver）,露·欧（龙型ver）
ルーソル,卢梭尔
ルーヴェラ,鲁维拉
レイ,零
レイシア,蕾西亚
レイベリィ,雷贝利
レオス,雷欧斯
レオナ,蕾欧娜
レオニス,雷欧尼斯
レオノーラ,雷欧诺拉
レオン,雷昂
レッドラック,红色幸运
レディ・グレイ,灰夫人
レナ,蕾娜
レニー,蕾妮
レプティ,雷弗提
レホス,雷荷斯
レムール・パフォーマー,灵幻艺匠
レリコ,蕾莉柯
レル・イスタルシア,雷尔·伊斯塔尔西亚
レンス,连斯
レンヴァーロ,连瓦洛
レヴィオン先王,雷维翁先王
レヴィオン新王,奥德里克
レヴィード,雷维德
レ・フィーエ,蕾·芬耶
ロウファ,罗法
ロウリー,罗利
ロキ,洛基
ロザミア,萝莎米娅
ロザリンド,罗瑟琳
ロジーヌ,罗丝涅
ロゼッタ,萝赛塔
ロット,洛特
ロティエルナ,萝缇埃尔娜
ロディ,罗蒂
ロベリア,洛贝利亚
ロベルティナ,罗贝缇娜
ロボミ,萝伯美
ロミオ,罗密欧
ローアイン,罗艾因
ローズクイーン,蔷薇女王
ローナン,罗南
ローラン,罗兰
ワクドキ,瓦库多琪
ワマムツ,火能虫
ワムデュス（人型ver）,瓦姆杜斯（人型ver）
ワムデュス（竜形態Ver）,瓦姆杜斯（龙型ver）
ワーヒドゥ,瓦希杜
ヰロティス,伊洛缇斯
ンナギ,电鳗
ンニ,海胆
ヴァイト,斑特
ヴァジラ,瓦姬拉
ヴァハ,玛赫
ヴァルナ,伐楼那
ヴァルフリート,瓦尔弗雷德
ヴァンツァ,万查
ヴァンピィ,斑比
ヴィクトル,维克多
ヴィターリー,毕塔利
ヴィーラ,维拉
ヴィーラ（幼少期）,小维拉
ヴェイン,维恩
ヴェセラゴ,韦谢拉戈
ヴェトル,维特尔
ヴェネラブル・グリントナイト,崇辉骑士
ヴェリトール,威利托尔
ヴェルサシア,维萨西娅
ヴェルサシア・ジェネシス,维萨西娅·创世
九尾,九尾
人魚王,人鱼王
先代の亥神,前代猪神将
四天王ウィストム,四天王威斯托姆
四天王ディジー,四天王迪基
四天王フィリー,四天王费利
四天王ムスケル,四天王姆斯科尔
国王カール,卡尔王
大将,大将
大御婆様,祖母大人
天晴亭楽呼,天晴亭乐呼
天晴亭楽笑,天晴亭乐笑
守畏禍,守畏禍
強欲のライゾウ,雷藏
星の神アストロリア,星之神阿斯特拉莉亚
極潰しのマッシュ,马修
機神ヴァーサタイル,机神巴萨特尔
水のエレメンタル,水元素
海洋学者,海洋学者
猫,猫
白騎士,白骑士
白騎士（シーザー）,白骑士（凯撒）
白骨大王,白骨大王
真王,真王
祭司,珀匹
竜吉公主,龙吉公主
筆冥,笔冥
紫の騎士,紫骑士
羅生門博士,罗生门博士
舎弟のリンタロウ,小弟伦太郎
若い頃のガイゼンボーガ,年轻的盖森伯格
若き日のイングヴェイ,年轻的英格威
観光協会前理事長,观光协会前理事长
赤毛の情報屋,法瓦罗
運営・その他キャラクター,运营·其他角色
閃光壊獣マーバ,坏兽
陽炎,阳炎
雷霆公,雷霆公
鬼ゾリのタイガ,鬼剃大河
魔鯛,魔鲷
鵺（コタロウ）,鵺（小太郎）
黄金の邪龍,黄金的邪龙
黄龍,黄龙
黒衣の男,黑衣男
黒騎士,黑骑士
黒麒麟,黑麒麟
Ｊ・Ｊ,J·J
